id;annotation_id;GeneName;genome_position;ref;alt;AMCG_classifications;AMCG_BayesPoints;Gene-associated phenotypes
1;60220;GDF5;32889080;A;G;[PM2_Strong, PP2, PP3];4;GDF5 { 4.378020 [OMIM:112600 (Short hallux)] | 4.374813 [ORPHA:3250 (Sensorineural hearing impairment)] | 4.093360 [ORPHA:968 (Elbow dislocation)] | 4.087579 [OMIM:113100 (Ulnar deviation of the 2nd finger)] | 4.062557 [ORPHA:93384 (Ulnar deviation of finger)] | 4.055467 [OMIM:615072 (Bilateral talipes equinovarus)] | 4.054026 [ORPHA:93396 (Short foot)] | 4.054026 [OMIM:615298 (Clinodactyly of the 5th finger)] | 4.045607 [OMIM:200700 (Aplasia/Hypoplasia involving the metacarpal bones)] | 4.041950 [ORPHA:93388 (Short stature)] | 4.032315 [OMIM:228900 (Fibular aplasia)] | 4.031695 [ORPHA:3237 (Symphalangism affecting the phalanges of the hand)] | 4.031006 [ORPHA:2098 (Micromelia)] | 4.023772 [ORPHA:63442 (Hip dysplasia)] | 4.019810 [OMIM:201250 (Short tibia)] | 4.017829 [ORPHA:2639 (Tarsal synostosis)] | 4.015848 [OMIM:610017 (Talipes equinovarus)] }
2;60233;HS6ST2;32890543;G;A;[PP3_Strong, PM2, PP5];4;HS6ST2 { 4.222705 [OMIM:301025 (Poor speech)] }
3;60221;LZTR1;32889363;G;A;[PP5_Moderate, PM2_Supporting, PP3];4;LZTR1 { 4.307491 [OMIM:605275 (Relative macrocephaly)] | 4.292509 [OMIM:616564 (Ventricular septal defect)] | 4.105968 [ORPHA:648 (Cryptorchidism)] | 4.000000 [OMIM:615670 (Autosomal dominant inheritance)] }
4;60223;MKKS;32889669;C;T;[PM1_Strong, PM2_Strong, PP3_Strong, PM5, PP2, PP5];9;MKKS { 10.398652 [OMIM:605231 (Pigmentary retinopathy)] | 9.735439 [ORPHA:2473 (Urethral stricture)] | 9.574539 [ORPHA:110 (Skeletal muscle atrophy)] | 9.544310 [OMIM:236700 (Hydrometrocolpos)] }
5;60224;NRIP1;32889792;A;G;[PM2_Strong, PP5_Strong, PP3];4;NRIP1 { 4.262393 [OMIM:618270 (Typified by incomplete penetrance)] }
6;60226;RALGAPA1;32889968;G;A;[PP5_VeryStrong, PM1, PM5, PM2_Supporting, PP3];8;RALGAPA1 { 8.129050 [OMIM:618797 (Protruding tongue)] }
7;60229;RBM10;32890026;C;T;[PM2_Strong, PP3, PP5];4;RBM10 { 4.246154 [ORPHA:2886 (Widely patent fontanelles and sutures)] | 4.229374 [OMIM:311900 (Hypertelorism)] }
8;60230;TSR2;32890164;G;A;[PM2_Strong, PP3_Strong];3;TSR2 { 3.154734 [ORPHA:124 (Absent thumb)] | 3.083805 [OMIM:300946 (Cleft palate)] }
9;60231;USP9X;32890227;G;T;[PM2_Strong, PP5_Moderate, PP3];4;USP9X { 4.440455 [OMIM:300919 (Joint hyperflexibility)] | 4.065881 [OMIM:300968 (Hip dysplasia)] | 4.045808 [ORPHA:480880 (Brain atrophy)] }
10;60232;ABL1;32890539;T;C;[PP5_Strong, PM2, PP3];4;ABL1 { 4.238739 [OMIM:617602 (Atrial septal defect)] | 4.000000 [ORPHA:521 (Fever)] | 4.000000 [OMIM:608232 (Ph-positive acute lymphoblastic leukemia)] }
